0.0,15.3809839691,23.8116801646,25.2346996153,23.6110195937,13.1430875925,12.8116364735,11.2935431734,20.1617385339,27.722361291,29.6385148545,21.0264190821,16.190498735
15.3809839691,0.0,9.38825053683,16.7202241736,21.266765833,20.2580366533,22.3658387059,12.7471750184,12.6633676201,16.0466254748,22.3980108655,20.7468055421,19.7228371055
23.8116801646,9.38825053683,0.0,12.333199284,20.8150731603,24.7946792269,28.4454316087,18.8558459569,11.5398761493,10.2678969068,17.2294246709,20.8899225967,22.7053608084
25.2346996153,16.7202241736,12.333199284,0.0,10.2778129888,19.6103067055,28.8831235481,22.6837844866,13.8489668068,16.8484928647,11.5904481239,12.7921380585,20.0192570252
23.6110195937,21.266765833,20.8150731603,10.2778129888,0.0,14.2940688926,28.1246918023,25.0756806597,20.0669902115,25.8803555201,18.2992294032,10.8717678459,19.8571427417
13.1430875925,20.2580366533,24.7946792269,19.6103067055,14.2940688926,0.0,15.6835496187,17.0520909664,19.1929229501,27.913396475,23.3301893872,10.9641290435,11.3378864883
12.8116364735,22.3658387059,28.4454316087,28.8831235481,28.1246918023,15.6835496187,0.0,10.6188314778,19.6227365442,27.6993778297,28.1713532478,20.4362051952,10.7427818184
11.2935431734,12.7471750184,18.8558459569,22.6837844866,25.0756806597,17.0520909664,10.6188314778,0.0,11.9670715515,18.8824626318,23.2544513392,19.0722995022,11.763775906
20.1617385339,12.6633676201,11.5398761493,13.8489668068,20.0669902115,19.1929229501,19.6227365442,11.9670715515,0.0,9.03784228472,12.0685423826,14.1391853607,12.6920783123
27.722361291,16.0466254748,10.2678969068,16.8484928647,25.8803555201,27.913396475,27.6993778297,18.8824626318,9.03784228472,0.0,13.8949805076,21.7467073121,21.4755643457
29.6385148545,22.3980108655,17.2294246709,11.5904481239,18.2992294032,23.3301893872,28.1713532478,23.2544513392,12.0685423826,13.8949805076,0.0,13.156429467,18.1075576631
21.0264190821,20.7468055421,20.8899225967,12.7921380585,10.8717678459,10.9641290435,20.4362051952,19.0722995022,14.1391853607,21.7467073121,13.156429467,0.0,10.3798285471
16.190498735,19.7228371055,22.7053608084,20.0192570252,19.8571427417,11.3378864883,10.7427818184,11.763775906,12.6920783123,21.4755643457,18.1075576631,10.3798285471,0.0
